"Status","Start Time","Stop Time","Duration in ms","Parent Suite","Suite","Sub Suite","Test Class","Test Method","Name","Description"
"failed","Tue Jun 27 18:24:55 CST 2023","Tue Jun 27 18:24:55 CST 2023","268","TestCase.C360_Android.相机贴纸_字段对照_Android_PRE","贴纸分类&素材zh_CN","TestDispatcher","","","TestCase.C360_Android.相机贴纸_字段对照_Android_PRE.贴纸分类&素材zh_CN.TestDispatcher#test_api","00032_""素材部分-9"":2组数据比较"
"failed","Tue Jun 27 18:23:35 CST 2023","Tue Jun 27 18:23:35 CST 2023","341","TestCase.C360_Android.相机贴纸_字段对照_Android_PRE","贴纸分类&素材zh_CN","TestDispatcher","","","TestCase.C360_Android.相机贴纸_字段对照_Android_PRE.贴纸分类&素材zh_CN.TestDispatcher#test_api","00023_""素材部分-4"":2组数据比较"
"passed","Tue Jun 27 18:29:22 CST 2023","Tue Jun 27 18:29:22 CST 2023","37","TestCase.C360_Android.相机贴纸_字段对照_Android_PRE","贴纸详情zh_CN2","TestDispatcher","","","TestCase.C360_Android.相机贴纸_字段对照_Android_PRE.贴纸详情zh_CN2.TestDispatcher#test_api","00115_""统计贴纸数量"":2组数据比较"
"failed","Tue Jun 27 18:26:57 CST 2023","Tue Jun 27 18:26:57 CST 2023","38","TestCase.C360_Android.相机贴纸_字段对照_Android_PRE","贴纸详情zh_CN1","TestDispatcher","","","TestCase.C360_Android.相机贴纸_字段对照_Android_PRE.贴纸详情zh_CN1.TestDispatcher#test_api","00069_""zip链接"":2组数据比较"
"passed","Tue Jun 27 18:25:03 CST 2023","Tue Jun 27 18:25:03 CST 2023","22","TestCase.C360_Android.相机贴纸_字段对照_Android_PRE","贴纸详情zh_CN1","TestDispatcher","","","TestCase.C360_Android.相机贴纸_字段对照_Android_PRE.贴纸详情zh_CN1.TestDispatcher#test_api","00050_""详情部分-12"":2组数据比较"
"failed","Tue Jun 27 18:24:53 CST 2023","Tue Jun 27 18:24:54 CST 2023","323","TestCase.C360_Android.相机贴纸_字段对照_Android_PRE","贴纸分类&素材zh_CN","TestDispatcher","","","TestCase.C360_Android.相机贴纸_字段对照_Android_PRE.贴纸分类&素材zh_CN.TestDispatcher#test_api","00027_""贴纸包vip状态"":2组数据比较"
"passed","Tue Jun 27 18:24:59 CST 2023","Tue Jun 27 18:25:00 CST 2023","53","TestCase.C360_Android.相机贴纸_字段对照_Android_PRE","贴纸分类&素材zh_CN","TestDispatcher","","","TestCase.C360_Android.相机贴纸_字段对照_Android_PRE.贴纸分类&素材zh_CN.TestDispatcher#test_api","00042_""分类部分-1"":2组数据比较"
"failed","Tue Jun 27 18:18:34 CST 2023","Tue Jun 27 18:18:34 CST 2023","278","TestCase.C360_Android.相机贴纸_字段对照_Android_PRE","贴纸分类&素材zh_CN","TestDispatcher","","","TestCase.C360_Android.相机贴纸_字段对照_Android_PRE.贴纸分类&素材zh_CN.TestDispatcher#test_api","00012_""sid"":2组数据比较"
"passed","Tue Jun 27 18:31:15 CST 2023","Tue Jun 27 18:31:15 CST 2023","39","TestCase.C360_Android.相机贴纸_字段对照_Android_PRE","贴纸详情zh_CN3","TestDispatcher","","","TestCase.C360_Android.相机贴纸_字段对照_Android_PRE.贴纸详情zh_CN3.TestDispatcher#test_api","00150_""详情部分-9"":2组数据比较"
"passed","Tue Jun 27 18:29:26 CST 2023","Tue Jun 27 18:29:27 CST 2023","30","TestCase.C360_Android.相机贴纸_字段对照_Android_PRE","贴纸详情zh_CN3","TestDispatcher","","","TestCase.C360_Android.相机贴纸_字段对照_Android_PRE.贴纸详情zh_CN3.TestDispatcher#test_api","00123_""详情部分-11"":2组数据比较"
"failed","Tue Jun 27 18:26:57 CST 2023","Tue Jun 27 18:26:57 CST 2023","38","TestCase.C360_Android.相机贴纸_字段对照_Android_PRE","贴纸详情zh_CN1","TestDispatcher","","","TestCase.C360_Android.相机贴纸_字段对照_Android_PRE.贴纸详情zh_CN1.TestDispatcher#test_api","00071_""icon+json zip包"":2组数据比较"
"failed","Tue Jun 27 18:23:32 CST 2023","Tue Jun 27 18:23:33 CST 2023","256","TestCase.C360_Android.相机贴纸_字段对照_Android_PRE","贴纸分类&素材zh_CN","TestDispatcher","","","TestCase.C360_Android.相机贴纸_字段对照_Android_PRE.贴纸分类&素材zh_CN.TestDispatcher#test_api","00015_""black_icon"":2组数据比较"
"passed","Tue Jun 27 18:26:57 CST 2023","Tue Jun 27 18:26:57 CST 2023","34","TestCase.C360_Android.相机贴纸_字段对照_Android_PRE","贴纸详情zh_CN1","TestDispatcher","","","TestCase.C360_Android.相机贴纸_字段对照_Android_PRE.贴纸详情zh_CN1.TestDispatcher#test_api","00065_""文件大小"":2组数据比较"
"passed","Tue Jun 27 18:27:01 CST 2023","Tue Jun 27 18:27:01 CST 2023","35","TestCase.C360_Android.相机贴纸_字段对照_Android_PRE","贴纸详情zh_CN2","TestDispatcher","","","TestCase.C360_Android.相机贴纸_字段对照_Android_PRE.贴纸详情zh_CN2.TestDispatcher#test_api","00091_""贴纸名称"":2组数据比较"
"passed","Tue Jun 27 18:29:21 CST 2023","Tue Jun 27 18:29:21 CST 2023","43","TestCase.C360_Android.相机贴纸_字段对照_Android_PRE","贴纸详情zh_CN2","TestDispatcher","","","TestCase.C360_Android.相机贴纸_字段对照_Android_PRE.贴纸详情zh_CN2.TestDispatcher#test_api","00097_""详情部分-5"":2组数据比较"
"passed","Tue Jun 27 18:29:21 CST 2023","Tue Jun 27 18:29:21 CST 2023","41","TestCase.C360_Android.相机贴纸_字段对照_Android_PRE","贴纸详情zh_CN2","TestDispatcher","","","TestCase.C360_Android.相机贴纸_字段对照_Android_PRE.贴纸详情zh_CN2.TestDispatcher#test_api","00099_""贴纸zip MD5"":2组数据比较"
"passed","Tue Jun 27 18:18:28 CST 2023","Tue Jun 27 18:18:33 CST 2023","4364","TestCase.C360_Android.相机贴纸_字段对照_Android_PRE","贴纸分类&素材zh_CN","TestDispatcher","","","https://bmall-pre.camera360.com/api/product/unity-system","00003_Response data获取"
"failed","Tue Jun 27 18:24:55 CST 2023","Tue Jun 27 18:24:56 CST 2023","263","TestCase.C360_Android.相机贴纸_字段对照_Android_PRE","贴纸分类&素材zh_CN","TestDispatcher","","","TestCase.C360_Android.相机贴纸_字段对照_Android_PRE.贴纸分类&素材zh_CN.TestDispatcher#test_api","00033_""素材部分-10"":2组数据比较"
"passed","Tue Jun 27 18:26:58 CST 2023","Tue Jun 27 18:26:59 CST 2023","1707","TestCase.C360_Android.相机贴纸_字段对照_Android_PRE","贴纸详情zh_CN2","TestDispatcher","","","https://cdn-bm.camera360.com/api/product/detail","00084_Response data获取"
"passed","Tue Jun 27 18:26:57 CST 2023","Tue Jun 27 18:26:57 CST 2023","36","TestCase.C360_Android.相机贴纸_字段对照_Android_PRE","贴纸详情zh_CN1","TestDispatcher","","","TestCase.C360_Android.相机贴纸_字段对照_Android_PRE.贴纸详情zh_CN1.TestDispatcher#test_api","00077_""详情部分-10"":2组数据比较"
"passed","Tue Jun 27 18:25:00 CST 2023","Tue Jun 27 18:25:00 CST 2023","55","TestCase.C360_Android.相机贴纸_字段对照_Android_PRE","贴纸分类&素材zh_CN","TestDispatcher","","","TestCase.C360_Android.相机贴纸_字段对照_Android_PRE.贴纸分类&素材zh_CN.TestDispatcher#test_api","00043_""解锁类型"":2组数据比较"
"passed","Tue Jun 27 18:27:01 CST 2023","Tue Jun 27 18:27:01 CST 2023","16","TestCase.C360_Android.相机贴纸_字段对照_Android_PRE","贴纸详情zh_CN2","TestDispatcher","","","TestCase.C360_Android.相机贴纸_字段对照_Android_PRE.贴纸详情zh_CN2.TestDispatcher#test_api","00088_""服务器时间"":2组数据比较"
"passed","Tue Jun 27 18:31:14 CST 2023","Tue Jun 27 18:31:14 CST 2023","43","TestCase.C360_Android.相机贴纸_字段对照_Android_PRE","贴纸详情zh_CN3","TestDispatcher","","","TestCase.C360_Android.相机贴纸_字段对照_Android_PRE.贴纸详情zh_CN3.TestDispatcher#test_api","00136_""贴纸zip MD5"":2组数据比较"
"failed","Tue Jun 27 18:24:54 CST 2023","Tue Jun 27 18:24:55 CST 2023","304","TestCase.C360_Android.相机贴纸_字段对照_Android_PRE","贴纸分类&素材zh_CN","TestDispatcher","","","TestCase.C360_Android.相机贴纸_字段对照_Android_PRE.贴纸分类&素材zh_CN.TestDispatcher#test_api","00030_""素材部分-7"":2组数据比较"
"passed","Tue Jun 27 18:31:15 CST 2023","Tue Jun 27 18:31:15 CST 2023","45","TestCase.C360_Android.相机贴纸_字段对照_Android_PRE","贴纸详情zh_CN3","TestDispatcher","","","TestCase.C360_Android.相机贴纸_字段对照_Android_PRE.贴纸详情zh_CN3.TestDispatcher#test_api","00141_""详情部分-7"":2组数据比较"
"passed","Tue Jun 27 18:31:14 CST 2023","Tue Jun 27 18:31:14 CST 2023","46","TestCase.C360_Android.相机贴纸_字段对照_Android_PRE","贴纸详情zh_CN3","TestDispatcher","","","TestCase.C360_Android.相机贴纸_字段对照_Android_PRE.贴纸详情zh_CN3.TestDispatcher#test_api","00133_""详情部分-4"":2组数据比较"
"failed","Tue Jun 27 18:26:57 CST 2023","Tue Jun 27 18:26:57 CST 2023","37","TestCase.C360_Android.相机贴纸_字段对照_Android_PRE","贴纸详情zh_CN1","TestDispatcher","","","TestCase.C360_Android.相机贴纸_字段对照_Android_PRE.贴纸详情zh_CN1.TestDispatcher#test_api","00061_""贴纸zip"":2组数据比较"
"passed","Tue Jun 27 18:31:15 CST 2023","Tue Jun 27 18:31:15 CST 2023","40","TestCase.C360_Android.相机贴纸_字段对照_Android_PRE","贴纸详情zh_CN3","TestDispatcher","","","TestCase.C360_Android.相机贴纸_字段对照_Android_PRE.贴纸详情zh_CN3.TestDispatcher#test_api","00153_""是否VIP使用"":2组数据比较"
"failed","Tue Jun 27 18:23:36 CST 2023","Tue Jun 27 18:24:53 CST 2023","77202","TestCase.C360_Android.相机贴纸_字段对照_Android_PRE","贴纸分类&素材zh_CN","TestDispatcher","","","TestCase.C360_Android.相机贴纸_字段对照_Android_PRE.贴纸分类&素材zh_CN.TestDispatcher#test_api","00026_""特殊icon(默认)"":2组数据比较"
"passed","Tue Jun 27 18:27:01 CST 2023","Tue Jun 27 18:27:01 CST 2023","26","TestCase.C360_Android.相机贴纸_字段对照_Android_PRE","贴纸详情zh_CN2","TestDispatcher","","","TestCase.C360_Android.相机贴纸_字段对照_Android_PRE.贴纸详情zh_CN2.TestDispatcher#test_api","00086_""详情部分-11"":2组数据比较"
"passed","Tue Jun 27 18:29:23 CST 2023","Tue Jun 27 18:29:23 CST 2023","37","TestCase.C360_Android.相机贴纸_字段对照_Android_PRE","贴纸详情zh_CN2","TestDispatcher","","","TestCase.C360_Android.相机贴纸_字段对照_Android_PRE.贴纸详情zh_CN2.TestDispatcher#test_api","00120_""贴纸icon AB-gid"":2组数据比较"
"failed","Tue Jun 27 18:18:34 CST 2023","Tue Jun 27 18:18:34 CST 2023","416","TestCase.C360_Android.相机贴纸_字段对照_Android_PRE","贴纸分类&素材zh_CN","TestDispatcher","","","TestCase.C360_Android.相机贴纸_字段对照_Android_PRE.贴纸分类&素材zh_CN.TestDispatcher#test_api","00013_""展示名称（默认）"":2组数据比较"
"passed","Tue Jun 27 18:18:33 CST 2023","Tue Jun 27 18:18:33 CST 2023","57","TestCase.C360_Android.相机贴纸_字段对照_Android_PRE","贴纸分类&素材zh_CN","TestDispatcher","","","TestCase.C360_Android.相机贴纸_字段对照_Android_PRE.贴纸分类&素材zh_CN.TestDispatcher#test_api","00005_""公共部分-2"":2组数据比较"
"passed","Tue Jun 27 18:26:58 CST 2023","Tue Jun 27 18:26:58 CST 2023","38","TestCase.C360_Android.相机贴纸_字段对照_Android_PRE","贴纸详情zh_CN1","TestDispatcher","","","TestCase.C360_Android.相机贴纸_字段对照_Android_PRE.贴纸详情zh_CN1.TestDispatcher#test_api","00083_""贴纸icon AB-gid"":2组数据比较"
"passed","Tue Jun 27 18:27:01 CST 2023","Tue Jun 27 18:29:21 CST 2023","140155","TestCase.C360_Android.相机贴纸_字段对照_Android_PRE","贴纸详情zh_CN2","TestDispatcher","","","TestCase.C360_Android.相机贴纸_字段对照_Android_PRE.贴纸详情zh_CN2.TestDispatcher#test_api","00092_""详情部分-1"":2组数据比较"
"passed","Tue Jun 27 18:31:14 CST 2023","Tue Jun 27 18:31:15 CST 2023","45","TestCase.C360_Android.相机贴纸_字段对照_Android_PRE","贴纸详情zh_CN3","TestDispatcher","","","TestCase.C360_Android.相机贴纸_字段对照_Android_PRE.贴纸详情zh_CN3.TestDispatcher#test_api","00139_""文件大小"":2组数据比较"
"failed","Tue Jun 27 18:18:35 CST 2023","Tue Jun 27 18:23:32 CST 2023","297885","TestCase.C360_Android.相机贴纸_字段对照_Android_PRE","贴纸分类&素材zh_CN","TestDispatcher","","","TestCase.C360_Android.相机贴纸_字段对照_Android_PRE.贴纸分类&素材zh_CN.TestDispatcher#test_api","00014_""icon图"":2组数据比较"
"passed","Tue Jun 27 18:26:57 CST 2023","Tue Jun 27 18:26:57 CST 2023","36","TestCase.C360_Android.相机贴纸_字段对照_Android_PRE","贴纸详情zh_CN1","TestDispatcher","","","TestCase.C360_Android.相机贴纸_字段对照_Android_PRE.贴纸详情zh_CN1.TestDispatcher#test_api","00067_""详情部分-7"":2组数据比较"
"passed","Tue Jun 27 18:26:58 CST 2023","Tue Jun 27 18:26:58 CST 2023","37","TestCase.C360_Android.相机贴纸_字段对照_Android_PRE","贴纸详情zh_CN1","TestDispatcher","","","TestCase.C360_Android.相机贴纸_字段对照_Android_PRE.贴纸详情zh_CN1.TestDispatcher#test_api","00082_""贴纸icon AB-tid"":2组数据比较"
"passed","Tue Jun 27 18:31:15 CST 2023","Tue Jun 27 18:31:15 CST 2023","42","TestCase.C360_Android.相机贴纸_字段对照_Android_PRE","贴纸详情zh_CN3","TestDispatcher","","","TestCase.C360_Android.相机贴纸_字段对照_Android_PRE.贴纸详情zh_CN3.TestDispatcher#test_api","00142_""类型"":2组数据比较"
"passed","Tue Jun 27 18:26:59 CST 2023","Tue Jun 27 18:27:01 CST 2023","1235","TestCase.C360_Android.相机贴纸_字段对照_Android_PRE","贴纸详情zh_CN2","TestDispatcher","","","https://bmall-pre.camera360.com/api/product/detail","00085_Response data获取"
"passed","Tue Jun 27 18:29:21 CST 2023","Tue Jun 27 18:29:21 CST 2023","43","TestCase.C360_Android.相机贴纸_字段对照_Android_PRE","贴纸详情zh_CN2","TestDispatcher","","","TestCase.C360_Android.相机贴纸_字段对照_Android_PRE.贴纸详情zh_CN2.TestDispatcher#test_api","00093_""详情部分-2"":2组数据比较"
"passed","Tue Jun 27 18:26:58 CST 2023","Tue Jun 27 18:26:58 CST 2023","36","TestCase.C360_Android.相机贴纸_字段对照_Android_PRE","贴纸详情zh_CN1","TestDispatcher","","","TestCase.C360_Android.相机贴纸_字段对照_Android_PRE.贴纸详情zh_CN1.TestDispatcher#test_api","00081_""贴纸icon AB"":2组数据比较"
"passed","Tue Jun 27 18:29:27 CST 2023","Tue Jun 27 18:31:14 CST 2023","107194","TestCase.C360_Android.相机贴纸_字段对照_Android_PRE","贴纸详情zh_CN3","TestDispatcher","","","TestCase.C360_Android.相机贴纸_字段对照_Android_PRE.贴纸详情zh_CN3.TestDispatcher#test_api","00129_""详情部分-1"":2组数据比较"
"failed","Tue Jun 27 18:24:56 CST 2023","Tue Jun 27 18:24:56 CST 2023","50","TestCase.C360_Android.相机贴纸_字段对照_Android_PRE","贴纸分类&素材zh_CN","TestDispatcher","","","TestCase.C360_Android.相机贴纸_字段对照_Android_PRE.贴纸分类&素材zh_CN.TestDispatcher#test_api","00039_""贴纸分类下架时间"":2组数据比较"
"passed","Tue Jun 27 18:26:57 CST 2023","Tue Jun 27 18:26:57 CST 2023","36","TestCase.C360_Android.相机贴纸_字段对照_Android_PRE","贴纸详情zh_CN1","TestDispatcher","","","TestCase.C360_Android.相机贴纸_字段对照_Android_PRE.贴纸详情zh_CN1.TestDispatcher#test_api","00068_""类型"":2组数据比较"
"passed","Tue Jun 27 18:29:27 CST 2023","Tue Jun 27 18:29:27 CST 2023","18","TestCase.C360_Android.相机贴纸_字段对照_Android_PRE","贴纸详情zh_CN3","TestDispatcher","","","TestCase.C360_Android.相机贴纸_字段对照_Android_PRE.贴纸详情zh_CN3.TestDispatcher#test_api","00125_""服务器时间"":2组数据比较"
"failed","Tue Jun 27 18:26:57 CST 2023","Tue Jun 27 18:26:57 CST 2023","36","TestCase.C360_Android.相机贴纸_字段对照_Android_PRE","贴纸详情zh_CN1","TestDispatcher","","","TestCase.C360_Android.相机贴纸_字段对照_Android_PRE.贴纸详情zh_CN1.TestDispatcher#test_api","00075_""下架时间"":2组数据比较"
"failed","Tue Jun 27 18:31:14 CST 2023","Tue Jun 27 18:31:14 CST 2023","48","TestCase.C360_Android.相机贴纸_字段对照_Android_PRE","贴纸详情zh_CN3","TestDispatcher","","","TestCase.C360_Android.相机贴纸_字段对照_Android_PRE.贴纸详情zh_CN3.TestDispatcher#test_api","00131_""详情部分-3"":2组数据比较"
"passed","Tue Jun 27 18:26:57 CST 2023","Tue Jun 27 18:26:57 CST 2023","37","TestCase.C360_Android.相机贴纸_字段对照_Android_PRE","贴纸详情zh_CN1","TestDispatcher","","","TestCase.C360_Android.相机贴纸_字段对照_Android_PRE.贴纸详情zh_CN1.TestDispatcher#test_api","00059_""详情部分-4"":2组数据比较"
"failed","Tue Jun 27 18:18:33 CST 2023","Tue Jun 27 18:18:33 CST 2023","163","TestCase.C360_Android.相机贴纸_字段对照_Android_PRE","贴纸分类&素材zh_CN","TestDispatcher","","","TestCase.C360_Android.相机贴纸_字段对照_Android_PRE.贴纸分类&素材zh_CN.TestDispatcher#test_api","00010_""公共部分-7"":2组数据比较"
"passed","Tue Jun 27 18:31:15 CST 2023","Tue Jun 27 18:31:15 CST 2023","45","TestCase.C360_Android.相机贴纸_字段对照_Android_PRE","贴纸详情zh_CN3","TestDispatcher","","","TestCase.C360_Android.相机贴纸_字段对照_Android_PRE.贴纸详情zh_CN3.TestDispatcher#test_api","00147_""详情部分-8"":2组数据比较"
"passed","Tue Jun 27 18:29:27 CST 2023","Tue Jun 27 18:29:27 CST 2023","20","TestCase.C360_Android.相机贴纸_字段对照_Android_PRE","贴纸详情zh_CN3","TestDispatcher","","","TestCase.C360_Android.相机贴纸_字段对照_Android_PRE.贴纸详情zh_CN3.TestDispatcher#test_api","00124_""详情部分-12"":2组数据比较"
"passed","Tue Jun 27 18:29:22 CST 2023","Tue Jun 27 18:29:22 CST 2023","41","TestCase.C360_Android.相机贴纸_字段对照_Android_PRE","贴纸详情zh_CN2","TestDispatcher","","","TestCase.C360_Android.相机贴纸_字段对照_Android_PRE.贴纸详情zh_CN2.TestDispatcher#test_api","00117_""VIP banner图"":2组数据比较"
"passed","Tue Jun 27 18:25:00 CST 2023","Tue Jun 27 18:25:00 CST 2023","53","TestCase.C360_Android.相机贴纸_字段对照_Android_PRE","贴纸分类&素材zh_CN","TestDispatcher","","","TestCase.C360_Android.相机贴纸_字段对照_Android_PRE.贴纸分类&素材zh_CN.TestDispatcher#test_api","00044_""分类部分-2"":2组数据比较"
"passed","Tue Jun 27 18:25:00 CST 2023","Tue Jun 27 18:25:00 CST 2023","52","TestCase.C360_Android.相机贴纸_字段对照_Android_PRE","贴纸分类&素材zh_CN","TestDispatcher","","","TestCase.C360_Android.相机贴纸_字段对照_Android_PRE.贴纸分类&素材zh_CN.TestDispatcher#test_api","00045_""分类部分-3"":2组数据比较"
"passed","Tue Jun 27 18:26:58 CST 2023","Tue Jun 27 18:26:58 CST 2023","35","TestCase.C360_Android.相机贴纸_字段对照_Android_PRE","贴纸详情zh_CN1","TestDispatcher","","","TestCase.C360_Android.相机贴纸_字段对照_Android_PRE.贴纸详情zh_CN1.TestDispatcher#test_api","00080_""VIP banner图"":2组数据比较"
"passed","Tue Jun 27 18:26:57 CST 2023","Tue Jun 27 18:26:57 CST 2023","46","TestCase.C360_Android.相机贴纸_字段对照_Android_PRE","贴纸详情zh_CN1","TestDispatcher","","","TestCase.C360_Android.相机贴纸_字段对照_Android_PRE.贴纸详情zh_CN1.TestDispatcher#test_api","00073_""详情部分-8"":2组数据比较"
"passed","Tue Jun 27 18:29:22 CST 2023","Tue Jun 27 18:29:22 CST 2023","38","TestCase.C360_Android.相机贴纸_字段对照_Android_PRE","贴纸详情zh_CN2","TestDispatcher","","","TestCase.C360_Android.相机贴纸_字段对照_Android_PRE.贴纸详情zh_CN2.TestDispatcher#test_api","00110_""详情部分-8"":2组数据比较"
"failed","Tue Jun 27 18:23:33 CST 2023","Tue Jun 27 18:23:34 CST 2023","286","TestCase.C360_Android.相机贴纸_字段对照_Android_PRE","贴纸分类&素材zh_CN","TestDispatcher","","","TestCase.C360_Android.相机贴纸_字段对照_Android_PRE.贴纸分类&素材zh_CN.TestDispatcher#test_api","00018_""下架时间"":2组数据比较"
"failed","Tue Jun 27 18:24:56 CST 2023","Tue Jun 27 18:24:56 CST 2023","51","TestCase.C360_Android.相机贴纸_字段对照_Android_PRE","贴纸分类&素材zh_CN","TestDispatcher","","","TestCase.C360_Android.相机贴纸_字段对照_Android_PRE.贴纸分类&素材zh_CN.TestDispatcher#test_api","00038_""贴纸分类上架时间"":2组数据比较"
"passed","Tue Jun 27 18:18:27 CST 2023","Tue Jun 27 18:18:28 CST 2023","904","TestCase.C360_Android.相机贴纸_字段对照_Android_PRE","贴纸分类&素材zh_CN","TestDispatcher","","","https://cdn-bm.camera360.com/api/product/unity-system","00002_Response data获取"
"passed","Tue Jun 27 18:24:56 CST 2023","Tue Jun 27 18:24:56 CST 2023","51","TestCase.C360_Android.相机贴纸_字段对照_Android_PRE","贴纸分类&素材zh_CN","TestDispatcher","","","TestCase.C360_Android.相机贴纸_字段对照_Android_PRE.贴纸分类&素材zh_CN.TestDispatcher#test_api","00035_""贴纸分类id"":2组数据比较"
"failed","Tue Jun 27 18:31:15 CST 2023","Tue Jun 27 18:31:15 CST 2023","46","TestCase.C360_Android.相机贴纸_字段对照_Android_PRE","贴纸详情zh_CN3","TestDispatcher","","","TestCase.C360_Android.相机贴纸_字段对照_Android_PRE.贴纸详情zh_CN3.TestDispatcher#test_api","00143_""zip链接"":2组数据比较"
"passed","Tue Jun 27 18:26:56 CST 2023","Tue Jun 27 18:26:56 CST 2023","37","TestCase.C360_Android.相机贴纸_字段对照_Android_PRE","贴纸详情zh_CN1","TestDispatcher","","","TestCase.C360_Android.相机贴纸_字段对照_Android_PRE.贴纸详情zh_CN1.TestDispatcher#test_api","00056_""详情部分-2"":2组数据比较"
"failed","Tue Jun 27 18:23:33 CST 2023","Tue Jun 27 18:23:33 CST 2023","244","TestCase.C360_Android.相机贴纸_字段对照_Android_PRE","贴纸分类&素材zh_CN","TestDispatcher","","","TestCase.C360_Android.相机贴纸_字段对照_Android_PRE.贴纸分类&素材zh_CN.TestDispatcher#test_api","00016_""主题贴纸类型"":2组数据比较"
"passed","Tue Jun 27 18:27:01 CST 2023","Tue Jun 27 18:27:01 CST 2023","20","TestCase.C360_Android.相机贴纸_字段对照_Android_PRE","贴纸详情zh_CN2","TestDispatcher","","","TestCase.C360_Android.相机贴纸_字段对照_Android_PRE.贴纸详情zh_CN2.TestDispatcher#test_api","00087_""详情部分-12"":2组数据比较"
"failed","Tue Jun 27 18:23:34 CST 2023","Tue Jun 27 18:23:34 CST 2023","327","TestCase.C360_Android.相机贴纸_字段对照_Android_PRE","贴纸分类&素材zh_CN","TestDispatcher","","","TestCase.C360_Android.相机贴纸_字段对照_Android_PRE.贴纸分类&素材zh_CN.TestDispatcher#test_api","00020_""素材部分-1"":2组数据比较"
"failed","Tue Jun 27 18:24:55 CST 2023","Tue Jun 27 18:24:55 CST 2023","258","TestCase.C360_Android.相机贴纸_字段对照_Android_PRE","贴纸分类&素材zh_CN","TestDispatcher","","","TestCase.C360_Android.相机贴纸_字段对照_Android_PRE.贴纸分类&素材zh_CN.TestDispatcher#test_api","00031_""素材部分-8"":2组数据比较"
"passed","Tue Jun 27 18:25:03 CST 2023","Tue Jun 27 18:25:03 CST 2023","24","TestCase.C360_Android.相机贴纸_字段对照_Android_PRE","贴纸详情zh_CN1","TestDispatcher","","","TestCase.C360_Android.相机贴纸_字段对照_Android_PRE.贴纸详情zh_CN1.TestDispatcher#test_api","00051_""服务器时间"":2组数据比较"
"passed","Tue Jun 27 18:29:22 CST 2023","Tue Jun 27 18:29:22 CST 2023","38","TestCase.C360_Android.相机贴纸_字段对照_Android_PRE","贴纸详情zh_CN2","TestDispatcher","","","TestCase.C360_Android.相机贴纸_字段对照_Android_PRE.贴纸详情zh_CN2.TestDispatcher#test_api","00101_""贴纸icon+json zip包MD5"":2组数据比较"
"failed","Tue Jun 27 18:31:15 CST 2023","Tue Jun 27 18:31:15 CST 2023","43","TestCase.C360_Android.相机贴纸_字段对照_Android_PRE","贴纸详情zh_CN3","TestDispatcher","","","TestCase.C360_Android.相机贴纸_字段对照_Android_PRE.贴纸详情zh_CN3.TestDispatcher#test_api","00145_""icon+json zip包"":2组数据比较"
"passed","Tue Jun 27 18:26:57 CST 2023","Tue Jun 27 18:26:57 CST 2023","36","TestCase.C360_Android.相机贴纸_字段对照_Android_PRE","贴纸详情zh_CN1","TestDispatcher","","","TestCase.C360_Android.相机贴纸_字段对照_Android_PRE.贴纸详情zh_CN1.TestDispatcher#test_api","00064_""贴纸icon+json zip包MD5"":2组数据比较"
"passed","Tue Jun 27 18:29:27 CST 2023","Tue Jun 27 18:29:27 CST 2023","38","TestCase.C360_Android.相机贴纸_字段对照_Android_PRE","贴纸详情zh_CN3","TestDispatcher","","","TestCase.C360_Android.相机贴纸_字段对照_Android_PRE.贴纸详情zh_CN3.TestDispatcher#test_api","00127_""贴纸描述"":2组数据比较"
"passed","Tue Jun 27 18:31:15 CST 2023","Tue Jun 27 18:31:15 CST 2023","42","TestCase.C360_Android.相机贴纸_字段对照_Android_PRE","贴纸详情zh_CN3","TestDispatcher","","","TestCase.C360_Android.相机贴纸_字段对照_Android_PRE.贴纸详情zh_CN3.TestDispatcher#test_api","00152_""统计贴纸数量"":2组数据比较"
"passed","Tue Jun 27 18:31:15 CST 2023","Tue Jun 27 18:31:15 CST 2023","43","TestCase.C360_Android.相机贴纸_字段对照_Android_PRE","贴纸详情zh_CN3","TestDispatcher","","","TestCase.C360_Android.相机贴纸_字段对照_Android_PRE.贴纸详情zh_CN3.TestDispatcher#test_api","00151_""详情部分-10"":2组数据比较"
"failed","Tue Jun 27 18:26:57 CST 2023","Tue Jun 27 18:26:57 CST 2023","36","TestCase.C360_Android.相机贴纸_字段对照_Android_PRE","贴纸详情zh_CN1","TestDispatcher","","","TestCase.C360_Android.相机贴纸_字段对照_Android_PRE.贴纸详情zh_CN1.TestDispatcher#test_api","00063_""贴纸icon+json zip包"":2组数据比较"
"passed","Tue Jun 27 18:18:33 CST 2023","Tue Jun 27 18:18:33 CST 2023","54","TestCase.C360_Android.相机贴纸_字段对照_Android_PRE","贴纸分类&素材zh_CN","TestDispatcher","","","TestCase.C360_Android.相机贴纸_字段对照_Android_PRE.贴纸分类&素材zh_CN.TestDispatcher#test_api","00008_""公共部分-5"":2组数据比较"
"failed","Tue Jun 27 18:23:33 CST 2023","Tue Jun 27 18:23:33 CST 2023","253","TestCase.C360_Android.相机贴纸_字段对照_Android_PRE","贴纸分类&素材zh_CN","TestDispatcher","","","TestCase.C360_Android.相机贴纸_字段对照_Android_PRE.贴纸分类&素材zh_CN.TestDispatcher#test_api","00017_""上架时间"":2组数据比较"
"passed","Tue Jun 27 18:31:15 CST 2023","Tue Jun 27 18:31:15 CST 2023","45","TestCase.C360_Android.相机贴纸_字段对照_Android_PRE","贴纸详情zh_CN3","TestDispatcher","","","TestCase.C360_Android.相机贴纸_字段对照_Android_PRE.贴纸详情zh_CN3.TestDispatcher#test_api","00156_""贴纸icon AB-tid"":2组数据比较"
"failed","Tue Jun 27 18:24:56 CST 2023","Tue Jun 27 18:24:59 CST 2023","3071","TestCase.C360_Android.相机贴纸_字段对照_Android_PRE","贴纸分类&素材zh_CN","TestDispatcher","","","TestCase.C360_Android.相机贴纸_字段对照_Android_PRE.贴纸分类&素材zh_CN.TestDispatcher#test_api","00040_""分类ICON图"":2组数据比较"
"failed","Tue Jun 27 18:23:35 CST 2023","Tue Jun 27 18:23:36 CST 2023","322","TestCase.C360_Android.相机贴纸_字段对照_Android_PRE","贴纸分类&素材zh_CN","TestDispatcher","","","TestCase.C360_Android.相机贴纸_字段对照_Android_PRE.贴纸分类&素材zh_CN.TestDispatcher#test_api","00024_""音乐标识"":2组数据比较"
"passed","Tue Jun 27 18:18:33 CST 2023","Tue Jun 27 18:18:33 CST 2023","58","TestCase.C360_Android.相机贴纸_字段对照_Android_PRE","贴纸分类&素材zh_CN","TestDispatcher","","","TestCase.C360_Android.相机贴纸_字段对照_Android_PRE.贴纸分类&素材zh_CN.TestDispatcher#test_api","00004_""公共部分-1"":2组数据比较"
"passed","Tue Jun 27 18:25:02 CST 2023","Tue Jun 27 18:25:03 CST 2023","1503","TestCase.C360_Android.相机贴纸_字段对照_Android_PRE","贴纸详情zh_CN1","TestDispatcher","","","https://bmall-pre.camera360.com/api/product/detail","00048_Response data获取"
"failed","Tue Jun 27 18:25:03 CST 2023","Tue Jun 27 18:26:56 CST 2023","112972","TestCase.C360_Android.相机贴纸_字段对照_Android_PRE","贴纸详情zh_CN1","TestDispatcher","","","TestCase.C360_Android.相机贴纸_字段对照_Android_PRE.贴纸详情zh_CN1.TestDispatcher#test_api","00055_""详情部分-1"":2组数据比较"
"passed","Tue Jun 27 18:31:15 CST 2023","Tue Jun 27 18:31:15 CST 2023","45","TestCase.C360_Android.相机贴纸_字段对照_Android_PRE","贴纸详情zh_CN3","TestDispatcher","","","TestCase.C360_Android.相机贴纸_字段对照_Android_PRE.贴纸详情zh_CN3.TestDispatcher#test_api","00146_""icon+json MD5"":2组数据比较"
"failed","Tue Jun 27 18:26:56 CST 2023","Tue Jun 27 18:26:57 CST 2023","58","TestCase.C360_Android.相机贴纸_字段对照_Android_PRE","贴纸详情zh_CN1","TestDispatcher","","","TestCase.C360_Android.相机贴纸_字段对照_Android_PRE.贴纸详情zh_CN1.TestDispatcher#test_api","00057_""详情部分-3"":2组数据比较"
"passed","Tue Jun 27 18:31:15 CST 2023","Tue Jun 27 18:31:15 CST 2023","44","TestCase.C360_Android.相机贴纸_字段对照_Android_PRE","贴纸详情zh_CN3","TestDispatcher","","","TestCase.C360_Android.相机贴纸_字段对照_Android_PRE.贴纸详情zh_CN3.TestDispatcher#test_api","00157_""贴纸icon AB-gid"":2组数据比较"
"passed","Tue Jun 27 18:18:27 CST 2023","Tue Jun 27 18:18:27 CST 2023","771","TestCase.C360_Android.相机贴纸_字段对照_Android_PRE","贴纸分类&素材zh_CN","TestDispatcher","","","https://cdn-bm.camera360.com/api/product/unity-system","00001_值获取"
"passed","Tue Jun 27 18:31:15 CST 2023","Tue Jun 27 18:31:15 CST 2023","42","TestCase.C360_Android.相机贴纸_字段对照_Android_PRE","贴纸详情zh_CN3","TestDispatcher","","","TestCase.C360_Android.相机贴纸_字段对照_Android_PRE.贴纸详情zh_CN3.TestDispatcher#test_api","00144_""zip MD5"":2组数据比较"
"passed","Tue Jun 27 18:31:14 CST 2023","Tue Jun 27 18:31:14 CST 2023","44","TestCase.C360_Android.相机贴纸_字段对照_Android_PRE","贴纸详情zh_CN3","TestDispatcher","","","TestCase.C360_Android.相机贴纸_字段对照_Android_PRE.贴纸详情zh_CN3.TestDispatcher#test_api","00134_""详情部分-5"":2组数据比较"
"passed","Tue Jun 27 18:26:57 CST 2023","Tue Jun 27 18:26:57 CST 2023","36","TestCase.C360_Android.相机贴纸_字段对照_Android_PRE","贴纸详情zh_CN1","TestDispatcher","","","TestCase.C360_Android.相机贴纸_字段对照_Android_PRE.贴纸详情zh_CN1.TestDispatcher#test_api","00060_""详情部分-5"":2组数据比较"
"passed","Tue Jun 27 18:29:23 CST 2023","Tue Jun 27 18:29:24 CST 2023","1587","TestCase.C360_Android.相机贴纸_字段对照_Android_PRE","贴纸详情zh_CN3","TestDispatcher","","","https://cdn-bm.camera360.com/api/product/detail","00121_Response data获取"
"passed","Tue Jun 27 18:31:14 CST 2023","Tue Jun 27 18:31:14 CST 2023","45","TestCase.C360_Android.相机贴纸_字段对照_Android_PRE","贴纸详情zh_CN3","TestDispatcher","","","TestCase.C360_Android.相机贴纸_字段对照_Android_PRE.贴纸详情zh_CN3.TestDispatcher#test_api","00138_""贴纸icon+json zip包MD5"":2组数据比较"
"failed","Tue Jun 27 18:24:54 CST 2023","Tue Jun 27 18:24:54 CST 2023","329","TestCase.C360_Android.相机贴纸_字段对照_Android_PRE","贴纸分类&素材zh_CN","TestDispatcher","","","TestCase.C360_Android.相机贴纸_字段对照_Android_PRE.贴纸分类&素材zh_CN.TestDispatcher#test_api","00029_""素材部分-6"":2组数据比较"
"passed","Tue Jun 27 18:29:27 CST 2023","Tue Jun 27 18:29:27 CST 2023","40","TestCase.C360_Android.相机贴纸_字段对照_Android_PRE","贴纸详情zh_CN3","TestDispatcher","","","TestCase.C360_Android.相机贴纸_字段对照_Android_PRE.贴纸详情zh_CN3.TestDispatcher#test_api","00126_""贴纸id"":2组数据比较"
"passed","Tue Jun 27 18:29:27 CST 2023","Tue Jun 27 18:29:27 CST 2023","37","TestCase.C360_Android.相机贴纸_字段对照_Android_PRE","贴纸详情zh_CN3","TestDispatcher","","","TestCase.C360_Android.相机贴纸_字段对照_Android_PRE.贴纸详情zh_CN3.TestDispatcher#test_api","00128_""贴纸名称"":2组数据比较"
"passed","Tue Jun 27 18:26:57 CST 2023","Tue Jun 27 18:26:58 CST 2023","38","TestCase.C360_Android.相机贴纸_字段对照_Android_PRE","贴纸详情zh_CN1","TestDispatcher","","","TestCase.C360_Android.相机贴纸_字段对照_Android_PRE.贴纸详情zh_CN1.TestDispatcher#test_api","00078_""统计贴纸数量"":2组数据比较"
"passed","Tue Jun 27 18:31:15 CST 2023","Tue Jun 27 18:31:15 CST 2023","47","TestCase.C360_Android.相机贴纸_字段对照_Android_PRE","贴纸详情zh_CN3","TestDispatcher","","","TestCase.C360_Android.相机贴纸_字段对照_Android_PRE.贴纸详情zh_CN3.TestDispatcher#test_api","00140_""详情部分-6"":2组数据比较"
"passed","Tue Jun 27 18:26:58 CST 2023","Tue Jun 27 18:26:58 CST 2023","35","TestCase.C360_Android.相机贴纸_字段对照_Android_PRE","贴纸详情zh_CN1","TestDispatcher","","","TestCase.C360_Android.相机贴纸_字段对照_Android_PRE.贴纸详情zh_CN1.TestDispatcher#test_api","00079_""是否VIP使用"":2组数据比较"
"failed","Tue Jun 27 18:24:54 CST 2023","Tue Jun 27 18:24:54 CST 2023","313","TestCase.C360_Android.相机贴纸_字段对照_Android_PRE","贴纸分类&素材zh_CN","TestDispatcher","","","TestCase.C360_Android.相机贴纸_字段对照_Android_PRE.贴纸分类&素材zh_CN.TestDispatcher#test_api","00028_""素材部分-5"":2组数据比较"
"passed","Tue Jun 27 18:31:14 CST 2023","Tue Jun 27 18:31:14 CST 2023","44","TestCase.C360_Android.相机贴纸_字段对照_Android_PRE","贴纸详情zh_CN3","TestDispatcher","","","TestCase.C360_Android.相机贴纸_字段对照_Android_PRE.贴纸详情zh_CN3.TestDispatcher#test_api","00130_""详情部分-2"":2组数据比较"
"failed","Tue Jun 27 18:29:22 CST 2023","Tue Jun 27 18:29:22 CST 2023","39","TestCase.C360_Android.相机贴纸_字段对照_Android_PRE","贴纸详情zh_CN2","TestDispatcher","","","TestCase.C360_Android.相机贴纸_字段对照_Android_PRE.贴纸详情zh_CN2.TestDispatcher#test_api","00111_""上架时间"":2组数据比较"
"passed","Tue Jun 27 18:26:57 CST 2023","Tue Jun 27 18:26:57 CST 2023","39","TestCase.C360_Android.相机贴纸_字段对照_Android_PRE","贴纸详情zh_CN1","TestDispatcher","","","TestCase.C360_Android.相机贴纸_字段对照_Android_PRE.贴纸详情zh_CN1.TestDispatcher#test_api","00058_""贴纸名称"":2组数据比较"
"passed","Tue Jun 27 18:25:03 CST 2023","Tue Jun 27 18:25:03 CST 2023","45","TestCase.C360_Android.相机贴纸_字段对照_Android_PRE","贴纸详情zh_CN1","TestDispatcher","","","TestCase.C360_Android.相机贴纸_字段对照_Android_PRE.贴纸详情zh_CN1.TestDispatcher#test_api","00052_""贴纸id"":2组数据比较"
"failed","Tue Jun 27 18:23:36 CST 2023","Tue Jun 27 18:23:36 CST 2023","263","TestCase.C360_Android.相机贴纸_字段对照_Android_PRE","贴纸分类&素材zh_CN","TestDispatcher","","","TestCase.C360_Android.相机贴纸_字段对照_Android_PRE.贴纸分类&素材zh_CN.TestDispatcher#test_api","00025_""特殊icon装饰"":2组数据比较"
"passed","Tue Jun 27 18:18:33 CST 2023","Tue Jun 27 18:18:33 CST 2023","55","TestCase.C360_Android.相机贴纸_字段对照_Android_PRE","贴纸分类&素材zh_CN","TestDispatcher","","","TestCase.C360_Android.相机贴纸_字段对照_Android_PRE.贴纸分类&素材zh_CN.TestDispatcher#test_api","00007_""公共部分-4"":2组数据比较"
"failed","Tue Jun 27 18:29:21 CST 2023","Tue Jun 27 18:29:22 CST 2023","41","TestCase.C360_Android.相机贴纸_字段对照_Android_PRE","贴纸详情zh_CN2","TestDispatcher","","","TestCase.C360_Android.相机贴纸_字段对照_Android_PRE.贴纸详情zh_CN2.TestDispatcher#test_api","00100_""贴纸icon+json zip包"":2组数据比较"
"passed","Tue Jun 27 18:29:21 CST 2023","Tue Jun 27 18:29:21 CST 2023","45","TestCase.C360_Android.相机贴纸_字段对照_Android_PRE","贴纸详情zh_CN2","TestDispatcher","","","TestCase.C360_Android.相机贴纸_字段对照_Android_PRE.贴纸详情zh_CN2.TestDispatcher#test_api","00095_""贴纸名称"":2组数据比较"
"passed","Tue Jun 27 18:26:57 CST 2023","Tue Jun 27 18:26:57 CST 2023","38","TestCase.C360_Android.相机贴纸_字段对照_Android_PRE","贴纸详情zh_CN1","TestDispatcher","","","TestCase.C360_Android.相机贴纸_字段对照_Android_PRE.贴纸详情zh_CN1.TestDispatcher#test_api","00072_""icon+json MD5"":2组数据比较"
"passed","Tue Jun 27 18:24:59 CST 2023","Tue Jun 27 18:24:59 CST 2023","54","TestCase.C360_Android.相机贴纸_字段对照_Android_PRE","贴纸分类&素材zh_CN","TestDispatcher","","","TestCase.C360_Android.相机贴纸_字段对照_Android_PRE.贴纸分类&素材zh_CN.TestDispatcher#test_api","00041_""主题贴纸类型"":2组数据比较"
"passed","Tue Jun 27 18:26:57 CST 2023","Tue Jun 27 18:26:57 CST 2023","35","TestCase.C360_Android.相机贴纸_字段对照_Android_PRE","贴纸详情zh_CN1","TestDispatcher","","","TestCase.C360_Android.相机贴纸_字段对照_Android_PRE.贴纸详情zh_CN1.TestDispatcher#test_api","00076_""详情部分-9"":2组数据比较"
"passed","Tue Jun 27 18:29:24 CST 2023","Tue Jun 27 18:29:26 CST 2023","2307","TestCase.C360_Android.相机贴纸_字段对照_Android_PRE","贴纸详情zh_CN3","TestDispatcher","","","https://bmall-pre.camera360.com/api/product/detail","00122_Response data获取"
"passed","Tue Jun 27 18:29:22 CST 2023","Tue Jun 27 18:29:22 CST 2023","48","TestCase.C360_Android.相机贴纸_字段对照_Android_PRE","贴纸详情zh_CN2","TestDispatcher","","","TestCase.C360_Android.相机贴纸_字段对照_Android_PRE.贴纸详情zh_CN2.TestDispatcher#test_api","00103_""详情部分-6"":2组数据比较"
"passed","Tue Jun 27 18:29:22 CST 2023","Tue Jun 27 18:29:22 CST 2023","39","TestCase.C360_Android.相机贴纸_字段对照_Android_PRE","贴纸详情zh_CN2","TestDispatcher","","","TestCase.C360_Android.相机贴纸_字段对照_Android_PRE.贴纸详情zh_CN2.TestDispatcher#test_api","00109_""icon+json MD5"":2组数据比较"
"failed","Tue Jun 27 18:23:34 CST 2023","Tue Jun 27 18:23:35 CST 2023","324","TestCase.C360_Android.相机贴纸_字段对照_Android_PRE","贴纸分类&素材zh_CN","TestDispatcher","","","TestCase.C360_Android.相机贴纸_字段对照_Android_PRE.贴纸分类&素材zh_CN.TestDispatcher#test_api","00021_""素材部分-2"":2组数据比较"
"failed","Tue Jun 27 18:31:14 CST 2023","Tue Jun 27 18:31:14 CST 2023","42","TestCase.C360_Android.相机贴纸_字段对照_Android_PRE","贴纸详情zh_CN3","TestDispatcher","","","TestCase.C360_Android.相机贴纸_字段对照_Android_PRE.贴纸详情zh_CN3.TestDispatcher#test_api","00137_""贴纸icon+json zip包"":2组数据比较"
"failed","Tue Jun 27 18:31:15 CST 2023","Tue Jun 27 18:31:15 CST 2023","45","TestCase.C360_Android.相机贴纸_字段对照_Android_PRE","贴纸详情zh_CN3","TestDispatcher","","","TestCase.C360_Android.相机贴纸_字段对照_Android_PRE.贴纸详情zh_CN3.TestDispatcher#test_api","00148_""上架时间"":2组数据比较"
"passed","Tue Jun 27 18:29:22 CST 2023","Tue Jun 27 18:29:22 CST 2023","34","TestCase.C360_Android.相机贴纸_字段对照_Android_PRE","贴纸详情zh_CN2","TestDispatcher","","","TestCase.C360_Android.相机贴纸_字段对照_Android_PRE.贴纸详情zh_CN2.TestDispatcher#test_api","00116_""是否VIP使用"":2组数据比较"
"passed","Tue Jun 27 18:25:03 CST 2023","Tue Jun 27 18:25:03 CST 2023","44","TestCase.C360_Android.相机贴纸_字段对照_Android_PRE","贴纸详情zh_CN1","TestDispatcher","","","TestCase.C360_Android.相机贴纸_字段对照_Android_PRE.贴纸详情zh_CN1.TestDispatcher#test_api","00054_""贴纸名称"":2组数据比较"
"failed","Tue Jun 27 18:26:57 CST 2023","Tue Jun 27 18:26:57 CST 2023","37","TestCase.C360_Android.相机贴纸_字段对照_Android_PRE","贴纸详情zh_CN1","TestDispatcher","","","TestCase.C360_Android.相机贴纸_字段对照_Android_PRE.贴纸详情zh_CN1.TestDispatcher#test_api","00074_""上架时间"":2组数据比较"
"passed","Tue Jun 27 18:26:57 CST 2023","Tue Jun 27 18:26:57 CST 2023","39","TestCase.C360_Android.相机贴纸_字段对照_Android_PRE","贴纸详情zh_CN1","TestDispatcher","","","TestCase.C360_Android.相机贴纸_字段对照_Android_PRE.贴纸详情zh_CN1.TestDispatcher#test_api","00066_""详情部分-6"":2组数据比较"
"failed","Tue Jun 27 18:29:21 CST 2023","Tue Jun 27 18:29:21 CST 2023","43","TestCase.C360_Android.相机贴纸_字段对照_Android_PRE","贴纸详情zh_CN2","TestDispatcher","","","TestCase.C360_Android.相机贴纸_字段对照_Android_PRE.贴纸详情zh_CN2.TestDispatcher#test_api","00094_""详情部分-3"":2组数据比较"
"passed","Tue Jun 27 18:31:15 CST 2023","Tue Jun 27 18:31:15 CST 2023","40","TestCase.C360_Android.相机贴纸_字段对照_Android_PRE","贴纸详情zh_CN3","TestDispatcher","","","TestCase.C360_Android.相机贴纸_字段对照_Android_PRE.贴纸详情zh_CN3.TestDispatcher#test_api","00149_""下架时间"":2组数据比较"
"passed","Tue Jun 27 18:27:01 CST 2023","Tue Jun 27 18:27:01 CST 2023","34","TestCase.C360_Android.相机贴纸_字段对照_Android_PRE","贴纸详情zh_CN2","TestDispatcher","","","TestCase.C360_Android.相机贴纸_字段对照_Android_PRE.贴纸详情zh_CN2.TestDispatcher#test_api","00089_""贴纸id"":2组数据比较"
"failed","Tue Jun 27 18:29:22 CST 2023","Tue Jun 27 18:29:22 CST 2023","52","TestCase.C360_Android.相机贴纸_字段对照_Android_PRE","贴纸详情zh_CN2","TestDispatcher","","","TestCase.C360_Android.相机贴纸_字段对照_Android_PRE.贴纸详情zh_CN2.TestDispatcher#test_api","00106_""zip链接"":2组数据比较"
"passed","Tue Jun 27 18:25:03 CST 2023","Tue Jun 27 18:25:03 CST 2023","19","TestCase.C360_Android.相机贴纸_字段对照_Android_PRE","贴纸详情zh_CN1","TestDispatcher","","","TestCase.C360_Android.相机贴纸_字段对照_Android_PRE.贴纸详情zh_CN1.TestDispatcher#test_api","00049_""详情部分-11"":2组数据比较"
"passed","Tue Jun 27 18:27:01 CST 2023","Tue Jun 27 18:27:01 CST 2023","34","TestCase.C360_Android.相机贴纸_字段对照_Android_PRE","贴纸详情zh_CN2","TestDispatcher","","","TestCase.C360_Android.相机贴纸_字段对照_Android_PRE.贴纸详情zh_CN2.TestDispatcher#test_api","00090_""贴纸描述"":2组数据比较"
"passed","Tue Jun 27 18:29:21 CST 2023","Tue Jun 27 18:29:21 CST 2023","44","TestCase.C360_Android.相机贴纸_字段对照_Android_PRE","贴纸详情zh_CN2","TestDispatcher","","","TestCase.C360_Android.相机贴纸_字段对照_Android_PRE.贴纸详情zh_CN2.TestDispatcher#test_api","00096_""详情部分-4"":2组数据比较"
"passed","Tue Jun 27 18:18:33 CST 2023","Tue Jun 27 18:18:33 CST 2023","56","TestCase.C360_Android.相机贴纸_字段对照_Android_PRE","贴纸分类&素材zh_CN","TestDispatcher","","","TestCase.C360_Android.相机贴纸_字段对照_Android_PRE.贴纸分类&素材zh_CN.TestDispatcher#test_api","00009_""公共部分-6"":2组数据比较"
"failed","Tue Jun 27 18:31:14 CST 2023","Tue Jun 27 18:31:14 CST 2023","44","TestCase.C360_Android.相机贴纸_字段对照_Android_PRE","贴纸详情zh_CN3","TestDispatcher","","","TestCase.C360_Android.相机贴纸_字段对照_Android_PRE.贴纸详情zh_CN3.TestDispatcher#test_api","00135_""贴纸zip"":2组数据比较"
"passed","Tue Jun 27 18:24:56 CST 2023","Tue Jun 27 18:24:56 CST 2023","50","TestCase.C360_Android.相机贴纸_字段对照_Android_PRE","贴纸分类&素材zh_CN","TestDispatcher","","","TestCase.C360_Android.相机贴纸_字段对照_Android_PRE.贴纸分类&素材zh_CN.TestDispatcher#test_api","00037_""贴纸优先级"":2组数据比较"
"passed","Tue Jun 27 18:31:15 CST 2023","Tue Jun 27 18:31:15 CST 2023","43","TestCase.C360_Android.相机贴纸_字段对照_Android_PRE","贴纸详情zh_CN3","TestDispatcher","","","TestCase.C360_Android.相机贴纸_字段对照_Android_PRE.贴纸详情zh_CN3.TestDispatcher#test_api","00154_""VIP banner图"":2组数据比较"
"passed","Tue Jun 27 18:18:33 CST 2023","Tue Jun 27 18:18:33 CST 2023","54","TestCase.C360_Android.相机贴纸_字段对照_Android_PRE","贴纸分类&素材zh_CN","TestDispatcher","","","TestCase.C360_Android.相机贴纸_字段对照_Android_PRE.贴纸分类&素材zh_CN.TestDispatcher#test_api","00006_""公共部分-3"":2组数据比较"
"passed","Tue Jun 27 18:25:00 CST 2023","Tue Jun 27 18:25:00 CST 2023","53","TestCase.C360_Android.相机贴纸_字段对照_Android_PRE","贴纸分类&素材zh_CN","TestDispatcher","","","TestCase.C360_Android.相机贴纸_字段对照_Android_PRE.贴纸分类&素材zh_CN.TestDispatcher#test_api","00046_""分类包含的贴纸包列表"":2组数据比较"
"passed","Tue Jun 27 18:31:15 CST 2023","Tue Jun 27 18:31:15 CST 2023","43","TestCase.C360_Android.相机贴纸_字段对照_Android_PRE","贴纸详情zh_CN3","TestDispatcher","","","TestCase.C360_Android.相机贴纸_字段对照_Android_PRE.贴纸详情zh_CN3.TestDispatcher#test_api","00155_""贴纸icon AB"":2组数据比较"
"passed","Tue Jun 27 18:29:22 CST 2023","Tue Jun 27 18:29:22 CST 2023","37","TestCase.C360_Android.相机贴纸_字段对照_Android_PRE","贴纸详情zh_CN2","TestDispatcher","","","TestCase.C360_Android.相机贴纸_字段对照_Android_PRE.贴纸详情zh_CN2.TestDispatcher#test_api","00114_""详情部分-10"":2组数据比较"
"failed","Tue Jun 27 18:23:34 CST 2023","Tue Jun 27 18:23:34 CST 2023","324","TestCase.C360_Android.相机贴纸_字段对照_Android_PRE","贴纸分类&素材zh_CN","TestDispatcher","","","TestCase.C360_Android.相机贴纸_字段对照_Android_PRE.贴纸分类&素材zh_CN.TestDispatcher#test_api","00019_""解锁类型"":2组数据比较"
"failed","Tue Jun 27 18:18:33 CST 2023","Tue Jun 27 18:18:34 CST 2023","277","TestCase.C360_Android.相机贴纸_字段对照_Android_PRE","贴纸分类&素材zh_CN","TestDispatcher","","","TestCase.C360_Android.相机贴纸_字段对照_Android_PRE.贴纸分类&素材zh_CN.TestDispatcher#test_api","00011_""贴纸包id"":2组数据比较"
"passed","Tue Jun 27 18:24:56 CST 2023","Tue Jun 27 18:24:56 CST 2023","50","TestCase.C360_Android.相机贴纸_字段对照_Android_PRE","贴纸分类&素材zh_CN","TestDispatcher","","","TestCase.C360_Android.相机贴纸_字段对照_Android_PRE.贴纸分类&素材zh_CN.TestDispatcher#test_api","00036_""贴纸分类名称"":2组数据比较"
"passed","Tue Jun 27 18:29:22 CST 2023","Tue Jun 27 18:29:22 CST 2023","44","TestCase.C360_Android.相机贴纸_字段对照_Android_PRE","贴纸详情zh_CN2","TestDispatcher","","","TestCase.C360_Android.相机贴纸_字段对照_Android_PRE.贴纸详情zh_CN2.TestDispatcher#test_api","00105_""类型"":2组数据比较"
"passed","Tue Jun 27 18:26:57 CST 2023","Tue Jun 27 18:26:57 CST 2023","35","TestCase.C360_Android.相机贴纸_字段对照_Android_PRE","贴纸详情zh_CN1","TestDispatcher","","","TestCase.C360_Android.相机贴纸_字段对照_Android_PRE.贴纸详情zh_CN1.TestDispatcher#test_api","00062_""贴纸zip MD5"":2组数据比较"
"passed","Tue Jun 27 18:25:03 CST 2023","Tue Jun 27 18:25:03 CST 2023","43","TestCase.C360_Android.相机贴纸_字段对照_Android_PRE","贴纸详情zh_CN1","TestDispatcher","","","TestCase.C360_Android.相机贴纸_字段对照_Android_PRE.贴纸详情zh_CN1.TestDispatcher#test_api","00053_""贴纸描述"":2组数据比较"
"failed","Tue Jun 27 18:29:22 CST 2023","Tue Jun 27 18:29:22 CST 2023","47","TestCase.C360_Android.相机贴纸_字段对照_Android_PRE","贴纸详情zh_CN2","TestDispatcher","","","TestCase.C360_Android.相机贴纸_字段对照_Android_PRE.贴纸详情zh_CN2.TestDispatcher#test_api","00108_""icon+json zip包"":2组数据比较"
"passed","Tue Jun 27 18:29:22 CST 2023","Tue Jun 27 18:29:22 CST 2023","40","TestCase.C360_Android.相机贴纸_字段对照_Android_PRE","贴纸详情zh_CN2","TestDispatcher","","","TestCase.C360_Android.相机贴纸_字段对照_Android_PRE.贴纸详情zh_CN2.TestDispatcher#test_api","00102_""文件大小"":2组数据比较"
"passed","Tue Jun 27 18:26:57 CST 2023","Tue Jun 27 18:26:57 CST 2023","37","TestCase.C360_Android.相机贴纸_字段对照_Android_PRE","贴纸详情zh_CN1","TestDispatcher","","","TestCase.C360_Android.相机贴纸_字段对照_Android_PRE.贴纸详情zh_CN1.TestDispatcher#test_api","00070_""zip MD5"":2组数据比较"
"passed","Tue Jun 27 18:29:22 CST 2023","Tue Jun 27 18:29:23 CST 2023","39","TestCase.C360_Android.相机贴纸_字段对照_Android_PRE","贴纸详情zh_CN2","TestDispatcher","","","TestCase.C360_Android.相机贴纸_字段对照_Android_PRE.贴纸详情zh_CN2.TestDispatcher#test_api","00119_""贴纸icon AB-tid"":2组数据比较"
"passed","Tue Jun 27 18:25:00 CST 2023","Tue Jun 27 18:25:02 CST 2023","1804","TestCase.C360_Android.相机贴纸_字段对照_Android_PRE","贴纸详情zh_CN1","TestDispatcher","","","https://cdn-bm.camera360.com/api/product/detail","00047_Response data获取"
"passed","Tue Jun 27 18:29:22 CST 2023","Tue Jun 27 18:29:22 CST 2023","42","TestCase.C360_Android.相机贴纸_字段对照_Android_PRE","贴纸详情zh_CN2","TestDispatcher","","","TestCase.C360_Android.相机贴纸_字段对照_Android_PRE.贴纸详情zh_CN2.TestDispatcher#test_api","00104_""详情部分-7"":2组数据比较"
"passed","Tue Jun 27 18:29:22 CST 2023","Tue Jun 27 18:29:22 CST 2023","48","TestCase.C360_Android.相机贴纸_字段对照_Android_PRE","贴纸详情zh_CN2","TestDispatcher","","","TestCase.C360_Android.相机贴纸_字段对照_Android_PRE.贴纸详情zh_CN2.TestDispatcher#test_api","00107_""zip MD5"":2组数据比较"
"failed","Tue Jun 27 18:29:22 CST 2023","Tue Jun 27 18:29:22 CST 2023","38","TestCase.C360_Android.相机贴纸_字段对照_Android_PRE","贴纸详情zh_CN2","TestDispatcher","","","TestCase.C360_Android.相机贴纸_字段对照_Android_PRE.贴纸详情zh_CN2.TestDispatcher#test_api","00112_""下架时间"":2组数据比较"
"failed","Tue Jun 27 18:29:21 CST 2023","Tue Jun 27 18:29:21 CST 2023","44","TestCase.C360_Android.相机贴纸_字段对照_Android_PRE","贴纸详情zh_CN2","TestDispatcher","","","TestCase.C360_Android.相机贴纸_字段对照_Android_PRE.贴纸详情zh_CN2.TestDispatcher#test_api","00098_""贴纸zip"":2组数据比较"
"passed","Tue Jun 27 18:29:22 CST 2023","Tue Jun 27 18:29:22 CST 2023","35","TestCase.C360_Android.相机贴纸_字段对照_Android_PRE","贴纸详情zh_CN2","TestDispatcher","","","TestCase.C360_Android.相机贴纸_字段对照_Android_PRE.贴纸详情zh_CN2.TestDispatcher#test_api","00113_""详情部分-9"":2组数据比较"
"failed","Tue Jun 27 18:23:35 CST 2023","Tue Jun 27 18:23:35 CST 2023","319","TestCase.C360_Android.相机贴纸_字段对照_Android_PRE","贴纸分类&素材zh_CN","TestDispatcher","","","TestCase.C360_Android.相机贴纸_字段对照_Android_PRE.贴纸分类&素材zh_CN.TestDispatcher#test_api","00022_""素材部分-3"":2组数据比较"
"passed","Tue Jun 27 18:29:22 CST 2023","Tue Jun 27 18:29:22 CST 2023","38","TestCase.C360_Android.相机贴纸_字段对照_Android_PRE","贴纸详情zh_CN2","TestDispatcher","","","TestCase.C360_Android.相机贴纸_字段对照_Android_PRE.贴纸详情zh_CN2.TestDispatcher#test_api","00118_""贴纸icon AB"":2组数据比较"
"failed","Tue Jun 27 18:24:56 CST 2023","Tue Jun 27 18:24:56 CST 2023","271","TestCase.C360_Android.相机贴纸_字段对照_Android_PRE","贴纸分类&素材zh_CN","TestDispatcher","","","TestCase.C360_Android.相机贴纸_字段对照_Android_PRE.贴纸分类&素材zh_CN.TestDispatcher#test_api","00034_""素材部分-11"":2组数据比较"
"passed","Tue Jun 27 18:31:14 CST 2023","Tue Jun 27 18:31:14 CST 2023","44","TestCase.C360_Android.相机贴纸_字段对照_Android_PRE","贴纸详情zh_CN3","TestDispatcher","","","TestCase.C360_Android.相机贴纸_字段对照_Android_PRE.贴纸详情zh_CN3.TestDispatcher#test_api","00132_""贴纸名称"":2组数据比较"
